filename,hypothesis,overall-score,decoder-score,lm-score,ctc-score,rating
anju_Intonation_L1_001.wav,SO ILL BE HERE SOON,-3.4662809936250842,-1.6411704195485792,-3.608118980551344,-1.7121287521042716,-0.26618012077268405
anju_Intonation_L1_010.wav,DID JOHN POST THAT LETTER,-2.665343624305437,0.3294629478544425,-5.052590433017498,0.39189582781511606,-1.869523907074028
anju_Intonation_L1_012.wav,GOOD MORNING,0.3180039298388723,-0.3500962796857444,0.5218428539496807,0.4340170222750874,-0.26618012077268405
anju_Phoneme_L1_022-1.wav,HOW,0.8692739408857073,-0.46337770380213006,1.7606468056658275,0.10447770744110527,0.535491772377988
anju_Stress_L1_003.wav,STATELY,-0.07187608531012675,0.00375886869503582,-0.2834540273613797,0.24438883029869007,-1.869523907074028
anju_Stress_L1_008.wav,BEFORE,0.38606566589581437,0.156461543372491,0.5760245935026163,-0.04891537449900977,-0.26618012077268405
anju_Stress_L1_014.wav,I HAVE HEARD,-2.0674508084981347,-2.418513657458275,0.5841938460810202,-3.6125091179655002,-1.869523907074028
anju_Stress_L1_029.wav,COME THEN,-0.18447791830756713,-1.356925778918295,1.0515558876177389,-0.5653109794332989,-1.869523907074028
anju_Stress_L2_001.wav,THAT PLACE,-0.6456265821709932,-1.3186519641342629,0.2627439421095684,-0.6082979426506118,-0.26618012077268405
anju_Stress_L2_003.wav,NOT ME,0.4069087927013133,-0.8864595537607658,1.0688748265383639,0.4355115204174183,0.535491772377988
anju_Stress_L2_005.wav,GOOD BY,0.039963840126127075,-1.4502524519939748,1.027329674520547,0.1730829659450012,1.3371636655286598
anju_Stress_L2_006.wav,BUT MINING,-0.6643199982272364,-1.4354659168548725,-0.3271699194019195,0.3893369775840931,-0.26618012077268405
anju_Stress_L2_007.wav,IM GOING PAST,-4.224295163040347,-2.8828489000655484,-1.089725855573641,-6.19912417245912,0.535491772377988
anju_Stress_L2_008.wav,GONE BY,0.3726755116319696,0.2924593835714759,0.090626548687056,0.5118373220507226,-0.26618012077268405
anju_Stress_L2_009.wav,AND,0.4763623440977797,-1.7954907372687923,2.2629073510180886,-0.1903376943028508,0.535491772377988
anju_Stress_L2_037.wav,LEOPARD,-2.3643981619396417,-2.6905140521209656,-0.07797102236685981,-3.0621630622510687,-0.26618012077268405
bharati_Stress_L1_003.wav,STUDLEY,-0.36043764099683556,-0.4888860212451791,-0.4168321131366788,0.2503291036853846,-1.869523907074028
bharati_Stress_L1_008.wav,BEFORE,0.7062505981307934,0.6095902268936971,0.5760245935026163,0.28059834944285167,1.3371636655286598
bharati_Stress_L1_012.wav,MAGNIFICENTLY,0.650625327936991,0.7179528085361679,0.21616630828551858,0.5667248890275937,-1.067852013923356
bharati_Stress_L2_001.wav,RIGHT PLACE,-0.3434465808026853,0.6565484183377265,-1.4231528947794694,0.5440214685458162,1.3371636655286598
bharati_Stress_L2_003.wav,NOT ME,1.1295111115575087,0.7253197666477551,1.0688748265383639,0.5055300732795024,1.3371636655286598
bharati_Stress_L2_005.wav,GOOD BYE,0.531699541817158,0.6632185237950882,0.11640657269150814,0.468966732668515,1.3371636655286598
bharati_Stress_L2_006.wav,GOOD MORNING,0.8167440455389577,0.7117776043540186,0.5218428539496807,0.5401733999532113,1.3371636655286598
bharati_Stress_L2_007.wav,GONE PAST,-0.5279100584995103,0.7125816506503565,-1.2534023967182246,-0.27126083498167647,1.3371636655286598
bharati_Stress_L2_008.wav,GONE BACK,0.5133126541320296,0.7143661776482366,-0.03109195402780605,0.5902279892588144,0.535491772377988
bharati_Stress_L2_009.wav,TEN MEN,0.15300620735325904,0.7047882497025467,-0.6396721221612264,0.5898049959902163,-0.26618012077268405
bharati_Stress_L3_001.wav,BLACK AND WHITE,0.8696229980622381,0.6564383240004028,0.6210130947413114,0.589857982112834,0.535491772377988
bharati_Stress_L4_001.wav,ITS COLD,0.9635807644663246,0.6557728709908343,0.9381040292927275,0.34829767045056703,1.3371636655286598
bharati_Stress_L4_004.wav,I WAS HERE,0.47755916887662064,0.6794239713348241,-0.0614308750088893,0.5825166756850451,0.535491772377988
bharati_Stress_L4_005.wav,SHE IS HOME,0.35968817737414377,0.6821237819723595,-0.2703822630349767,0.5909762708029862,1.3371636655286598
bharati_Stress_L4_006.wav,SHE IS AT HOME,0.5408348094636337,0.6470360582958679,0.08488386110087665,0.5604712392348022,1.3371636655286598
bharati_Stress_L4_009.wav,WILL SHE,0.6776549916775698,-0.13068326414597634,0.8939797089161586,0.5589417851287395,1.3371636655286598
bibin_Stress_L1_003.wav,STUDLEY,-0.2351501875309388,-0.22478218255123317,-0.4168321131366788,0.28002220585603044,-1.869523907074028
bibin_Stress_L1_008.wav,THE FOE,-2.6109087594481486,-4.405132446287238,0.30147296188937733,-2.3418507848966663,-0.26618012077268405
bibin_Stress_L1_012.wav,MARK M E,-3.688530913719251,-3.7649957697949397,-1.5246838582119253,-3.0985493676593228,-1.869523907074028
bibin_Stress_L2_001.wav,A RIGHT PLACE,-0.2263844390334119,0.6837850522838933,-1.2643205674675846,0.5768044120439085,1.3371636655286598
bibin_Stress_L2_003.wav,NOT ME,1.1221165158195157,0.6900058700252353,1.0688748265383639,0.5263324713527944,1.3371636655286598
bibin_Stress_L2_005.wav,GOOD BYE,0.10981780423774005,-0.3882367132903392,0.11640657269150814,0.5543647669443448,-0.26618012077268405
bibin_Stress_L2_006.wav,GOOD MORNING,0.8413959077200999,0.7288154294986592,0.5218428539496807,0.5859523463043016,-0.26618012077268405
bibin_Stress_L2_007.wav,GONE FAST,-0.2596311320601241,0.5321712914765925,-1.1769313065717835,0.526812912969119,-1.869523907074028
bibin_Stress_L2_008.wav,GONE BY,0.37457004954872697,0.4387496422228672,0.090626548687056,0.349581835357771,-1.869523907074028
bibin_Stress_L2_009.wav,TEN MEN,0.08842100053153669,0.6397304719861086,-0.6396721221612264,0.49321555675497564,0.535491772377988
bibin_Stress_L3_001.wav,BLACK AND WHITE,-1.5181920889753808,-2.3646975621320876,0.6210130947413114,-2.277007248128944,1.3371636655286598
bibin_Stress_L4_001.wav,ITS HORRID,-0.9091872185000298,-1.8588738638835283,1.218474821639865,-2.168397351136862,-1.067852013923356
bibin_Stress_L4_004.wav,I WAS HERE,0.1509696392750161,0.48882793522839546,-0.0614308750088893,-0.06413540324611859,-0.26618012077268405
bibin_Stress_L4_005.wav,SHE SAW,0.008590420613463967,-0.4948449331331133,0.8058675538706108,-0.6594355950509712,-0.26618012077268405
bibin_Stress_L4_006.wav,SHE IS AT HOME,-0.14462200819005577,-0.8986964844899986,0.08488386110087665,0.5132705165637369,-1.067852013923356
bibin_Stress_L4_009.wav,RINSE,-0.9118589101535004,-0.48989389853038656,-1.082378946529912,-0.17761378324965857,1.3371636655286598
jeeva_Stress_L1_003.wav,SEDLEY,-0.5689559727383906,-0.5835654444545446,0.020995518650126995,-0.8714566739823101,-1.869523907074028
jeeva_Stress_L1_008.wav,BEFORE,0.8763874854143215,0.7440008737295999,0.5760245935026163,0.5773157880202467,1.3371636655286598
jeeva_Stress_L1_012.wav,MAGNIFICENTLY,0.5931275866594291,0.6820534947237799,0.21616630828551858,0.45555826027230917,-1.067852013923356
jeeva_Stress_L2_001.wav,RIGHT,0.23865520931047093,-1.1736842599382136,1.07725052232272,0.3055380379986731,0.535491772377988
jeeva_Stress_L2_003.wav,NOT ME,1.1559533963251671,0.7142066190915275,1.0688748265383639,0.5882369507939412,0.535491772377988
jeeva_Stress_L2_005.wav,GOOD BY,0.6841781481196721,-0.2211509795095696,1.027329674520547,0.4731431264325073,-1.869523907074028
jeeva_Stress_L2_006.wav,GOOD MORNING,0.840160566287296,0.7302665848283714,0.5218428539496807,0.581023305857097,0.535491772377988
jeeva_Stress_L2_007.wav,GANEM,-2.374858643211499,-2.799745191318064,-0.015132042391549087,-3.0622723562712717,1.3371636655286598
jeeva_Stress_L2_008.wav,GONE BACK,0.5225602620192279,0.7351490695516298,-0.03109195402780605,0.5909459874175141,-0.26618012077268405
jeeva_Stress_L2_009.wav,TEN MEN,0.1554985558367181,0.7118930631994737,-0.6396721221612264,0.5882780458956922,1.3371636655286598
jeeva_Stress_L3_001.wav,BLACK AND WHITE,0.8836404522059758,0.6918402473245254,0.6210130947413114,0.5864867584399754,-0.26618012077268405
jeeva_Stress_L4_001.wav,ITS COLD,0.6930674708819945,0.16061440418967518,0.9381040292927275,0.19833781081819057,1.3371636655286598
jeeva_Stress_L4_004.wav,I WILL SEE,-0.13403755143825832,-0.08553962773729135,0.28826676942886503,-0.7034500176506302,0.535491772377988
jeeva_Stress_L4_005.wav,HES HOME,0.3893612471004411,0.3733168670999811,0.37678941038392255,0.020396112967066265,-1.067852013923356
jeeva_Stress_L4_006.wav,HES AT HOME,0.43219818574855623,0.41868012322032994,0.18417206943876682,0.380221780621809,-1.067852013923356
jeeva_Stress_L4_009.wav,AND SHE,0.31531137499783857,-0.5228303528458373,1.2411852889392012,-0.4895975469376083,1.3371636655286598
kiru_Stress_L1_003.wav,SEDLEY,-1.0172364632421869,-1.1296312442886338,0.020995518650126995,-1.4338131228643944,-1.869523907074028
kiru_Stress_L1_008.wav,BEFORE,0.867360545857114,0.7383347542570396,0.5760245935026163,0.5598974306924178,0.535491772377988
kiru_Stress_L1_012.wav,MAGNIFICENTLY,0.6571404600761844,0.7129482761729042,0.21616630828551858,0.5896946243768786,0.535491772377988
kiru_Stress_L2_001.wav,RIGHT PLACE,-0.3171196453893409,0.7051060256889317,-1.4231528947794694,0.5581951708511044,0.535491772377988
kiru_Stress_L2_003.wav,NOT ME,1.149270155040035,0.7102717320573763,1.0688748265383639,0.5750441756381927,1.3371636655286598
kiru_Stress_L2_005.wav,GOOD BYE,0.2630246160292247,-0.009177154980170342,0.11640657269150814,0.5265288042788464,1.3371636655286598
kiru_Stress_L2_006.wav,GOOD MORNING,0.7463107267573331,0.5749649482022211,0.5218428539496807,0.5101481887438608,-0.26618012077268405
kiru_Stress_L2_007.wav,GONE PAST,-0.22435669768836813,0.6963989717900174,-1.2534023967182246,0.550840089559296,-0.26618012077268405
kiru_Stress_L2_008.wav,GONE BACK,0.4711156536408877,0.6850612768962867,-0.03109195402780605,0.5120274414683375,-0.26618012077268405
kiru_Stress_L2_009.wav,TEN MEN,0.07070574699987105,0.5179346793812319,-0.6396721221612264,0.5855809186522107,-0.26618012077268405
kiru_Stress_L3_001.wav,BLACK AND WHITE,-0.8017903495843551,-0.7342105864225056,0.6210130947413114,-2.2447948271831972,-1.067852013923356
kiru_Stress_L4_001.wav,ITS COLD,0.599941022259256,0.23008149262809466,0.9381040292927275,-0.12762531126872384,0.535491772377988
kiru_Stress_L4_004.wav,IT WAS HER,0.5301636902404215,0.6157196651158545,0.34750773924328976,0.1613214715864772,-0.26618012077268405
kiru_Stress_L4_005.wav,SHE IS HOME,0.35594724735808136,0.6742680897378999,-0.2703822630349767,0.590054913269553,0.535491772377988
kiru_Stress_L4_006.wav,SHE IS AT HOME,0.500101843038195,0.6170747317416873,0.08488386110087665,0.48689690659407403,-1.067852013923356
kiru_Stress_L4_009.wav,WILL SHE,0.7889651125142733,0.27001078649329285,0.8939797089161586,0.3954547740932527,1.3371636655286598
madhavi_Stress_L1_003.wav,STEADILY,-0.19345590961703132,-0.5392527378431715,-0.2980024435894965,0.5659464305192176,-1.869523907074028
madhavi_Stress_L1_008.wav,BEFORE,0.5750725038995778,0.23521065328489713,0.5760245935026163,0.3614004461976991,-0.26618012077268405
madhavi_Stress_L1_012.wav,MAGNIFICENTLY,0.6584730961817566,0.7270547938660632,0.21616630828551858,0.5770925946150133,-1.067852013923356
madhavi_Stress_L2_001.wav,A RIGHT PLACE,-0.24429307826517818,0.6553861895231158,-1.2643205674675846,0.5618675734034937,-0.26618012077268405
madhavi_Stress_L2_003.wav,NOT ME,1.0156448490292207,0.5914234826691189,1.0688748265383639,0.3571900374580313,0.535491772377988
madhavi_Stress_L2_005.wav,GOOD BYE,0.17922641953791812,-0.15580639364913898,0.11640657269150814,0.4723468215130798,0.535491772377988
madhavi_Stress_L2_006.wav,GOOD MORNING,0.8278837840520417,0.6960708122291821,0.5218428539496807,0.5876231337669663,0.535491772377988
madhavi_Stress_L2_007.wav,GONE PAST,-0.5145776792166088,0.20215406649948292,-1.2534023967182246,0.347663653608879,1.3371636655286598
madhavi_Stress_L2_008.wav,GONE BACK,0.26287335791939415,0.3633496922731192,-0.03109195402780605,0.328597044922228,-0.26618012077268405
madhavi_Stress_L2_009.wav,THEN MEN,0.2740672604771121,0.6830420577477051,-0.3919910284975043,0.5515888521773887,-1.869523907074028
madhavi_Stress_L3_001.wav,BLACK AND WHITE,0.8795039240565108,0.6807471049132031,0.6210130947413114,0.5882209403053543,-0.26618012077268405
madhavi_Stress_L4_001.wav,ITS CALLED,0.13162906318918122,0.3157034315409238,0.1860609218945573,-0.3006559078133394,-1.067852013923356
madhavi_Stress_L4_004.wav,I WAS ILL,-0.2859263714769797,0.23362255567707324,0.04719734521823739,-1.0971524900784622,-1.067852013923356
madhavi_Stress_L4_005.wav,THIEVES,-1.2213241761326705,-2.2837260015253733,0.8102134919919318,-1.8766922484977313,-1.067852013923356
madhavi_Stress_L4_006.wav,HE IS AT HOME,-1.0104599394357408,-1.6182977824867737,0.08692017298949116,-0.9592181789981001,-1.869523907074028
madhavi_Stress_L4_009.wav,N C,-1.0835525122013274,-1.7350993805825965,-0.002338736342942276,-0.8809341861977932,-1.869523907074028
maheshaa_Stress_L1_003.wav,STURDILY,-0.14188612211331506,0.31212802751186514,-0.28171194848058545,-0.29623993550287436,-1.869523907074028
maheshaa_Stress_L1_008.wav,BEFORE,0.879361091464735,0.7394553166931566,0.5760245935026163,0.590385342750376,1.3371636655286598
maheshaa_Stress_L1_012.wav,MAGNIFICENTLY,0.6329104756204705,0.6939816309537257,0.21616630828551858,0.5472370238861146,-1.869523907074028
maheshaa_Stress_L2_001.wav,RIGHT PLACE,-0.4345260297534004,0.5810175967417007,-1.4231528947794694,0.38926882814219504,-0.26618012077268405
maheshaa_Stress_L2_003.wav,NOT ME,1.1488011345350182,0.7025701576710955,1.0688748265383639,0.5826089167861088,0.535491772377988
maheshaa_Stress_L2_005.wav,GOOD BYE,0.5618223737214906,0.6748760876461798,0.11640657269150814,0.5353818688539357,1.3371636655286598
maheshaa_Stress_L2_006.wav,GOOD MORNING,0.8375727285992217,0.7169233309776916,0.5218428539496807,0.5894295165505976,1.3371636655286598
maheshaa_Stress_L2_007.wav,GONE PAST,-0.8743709718243637,-0.3650647204187413,-1.2534023967182246,0.043747513258810385,-0.26618012077268405
maheshaa_Stress_L2_008.wav,GONE BACK,0.46603225774818957,0.6715597852958236,-0.03109195402780605,0.5140088735467062,0.535491772377988
maheshaa_Stress_L2_009.wav,DENMAN,0.1954383199196265,0.6052093541608414,-0.21650264385487095,0.16066208291866996,-0.26618012077268405
maheshaa_Stress_L3_001.wav,BLACK AND WHITE,0.8644918575672328,0.6925625559922394,0.6210130947413114,0.5349688497786819,0.535491772377988
maheshaa_Stress_L4_001.wav,ITS COLD,0.883041638601409,0.39850607758966516,0.9381040292927275,0.42924854289381265,-0.26618012077268405
maheshaa_Stress_L4_004.wav,I WAS HERE,0.47229001037158486,0.6645104761699564,-0.0614308750088893,0.5856189098003026,1.3371636655286598
maheshaa_Stress_L4_005.wav,SHES FORM,-0.8038397565472516,0.45265660122956086,-1.8270669145904272,0.1838643988381038,-1.067852013923356
maheshaa_Stress_L4_006.wav,SHES AT HOME,0.4575762473429403,0.5015003868014556,0.08514860222213129,0.50605832107212,-1.869523907074028
maheshaa_Stress_L4_009.wav,WILL SHE,1.0348606472048238,0.6947978185137309,0.8939797089161586,0.5607078653690133,1.3371636655286598
nandini_Sentence_L1_036.wav,CAN YOU HAND ME THAT BLACK BAG PLEASE,-5.267016414240098,-1.5560707886546807,-6.758436130665116,-1.6978572791483937,-0.26618012077268405
nandini_Stress_L1_003.wav,STATELY,0.10757621522017835,0.271549790723676,-0.2834540273613797,0.41325832786931277,-0.26618012077268405
nandini_Stress_L1_008.wav,DEFOE,-0.9961983458760038,-2.0678156033929787,0.11510001353091268,-0.4511185637518504,-0.26618012077268405
nandini_Stress_L2_001.wav,THE RIGHT PLACE,-0.280369541712665,-0.2100974105057663,-0.4489810129234383,0.19330897149283285,0.535491772377988
nandini_Stress_L2_003.wav,NOT ME,1.1262690925747976,0.681915419599728,1.0688748265383639,0.5465764502703843,0.535491772377988
nandini_Stress_L2_005.wav,GOOD BYE,0.5793510622105275,0.6859973734050825,0.11640657269150814,0.5690697217316276,-0.26618012077268405
nandini_Stress_L2_006.wav,GOOD MORNING,0.5536957609506458,0.061143174732560424,0.5218428539496807,0.5877482129862885,0.535491772377988
nandini_Stress_L2_007.wav,GONE PAST,-0.7421376817606462,0.3593325291275204,-1.2534023967182246,-0.4344763983460865,-0.26618012077268405
nandini_Stress_L2_008.wav,GONE BACK,0.5094473474208808,0.7464445291038827,-0.03109195402780605,0.5433176045007099,-0.26618012077268405
nandini_Stress_L2_009.wav,TEN MEN,0.09662264053457795,0.6208164964831248,-0.6396721221612264,0.5365534637084433,-0.26618012077268405
nandini_Stress_L3_001.wav,BLACK AND WHITE,0.870663950757077,0.6970917248627452,0.6210130947413114,0.5461297946061869,0.535491772377988
nandini_Stress_L4_001.wav,ITS COLD,-0.18740438157839168,-0.7133016844583282,0.9381040292927275,-1.1332924856394366,0.535491772377988
nandini_Stress_L4_004.wav,HE WAS HERE,0.5011630570978787,0.3570804517178532,0.2723123446552247,0.49673014216758693,-0.26618012077268405
nandini_Stress_L4_005.wav,SHE IS HOME,0.07251362244521455,0.2693608275649734,-0.2703822630349767,0.302697429058132,-1.067852013923356
nandini_Stress_L4_006.wav,SHE IS AT HOME,0.4506468605660823,0.4527373126928034,0.08488386110087665,0.5438799519081408,0.535491772377988
nandini_Stress_L4_009.wav,WILL SHE,0.530986181288569,0.026876728802767137,0.8939797089161586,-0.009491699049703536,-0.26618012077268405
shiva1_Stress_L1_003.wav,AND STURDILY,-2.1494174578505176,-1.6241789090068084,-1.7363848502667945,-1.1440408993114206,-1.869523907074028
shiva1_Stress_L1_008.wav,BEFORE,0.8822135305412252,0.746724885614044,0.5760245935026163,0.5896247077818152,0.535491772377988
shiva1_Stress_L1_012.wav,MAGNIFICENTLY,0.6437517100653484,0.7153005926682151,0.21616630828551858,0.5515606822809638,-0.26618012077268405
shiva1_Stress_L2_001.wav,A RIGHT PLACE,-0.3279600774039278,0.5308744622761506,-1.2643205674675846,0.4827431762038045,1.3371636655286598
shiva1_Stress_L2_003.wav,NOT ME,1.1580280798422264,0.7196644574718827,1.0688748265383639,0.5874891254298258,1.3371636655286598
shiva1_Stress_L2_005.wav,GOOD BY,0.0008991262754201607,-1.5815486259378948,1.027329674520547,0.2197915817351046,-1.067852013923356
shiva1_Stress_L2_006.wav,GOOD MORNING,0.6908236751811331,0.5933135980206938,0.5218428539496807,0.34227719899183284,-0.26618012077268405
shiva1_Stress_L2_007.wav,GONE PAST,-0.22150486043459564,0.708593342056068,-1.2534023967182246,0.5444464416545295,-0.26618012077268405
shiva1_Stress_L2_008.wav,GONE BACK,0.47421664549997766,0.6708320409996059,-0.03109195402780605,0.5365070366522117,-0.26618012077268405
shiva1_Stress_L2_009.wav,TIN MEN,-0.4187667000557447,0.5373247143406233,-1.4543752006418373,0.5292999842328834,-0.26618012077268405
shiva1_Stress_L3_001.wav,BLACK AND WHITE,0.8886644682571492,0.7003627946559058,0.6210130947413114,0.5900423079503787,-0.26618012077268405
shiva1_Stress_L4_001.wav,ITS COLD,0.3498138714297719,-0.0874908456492813,0.9381040292927275,-0.4266723114093254,-0.26618012077268405
shiva1_Stress_L4_004.wav,I WAS HERE,0.4451377754040741,0.6480903771846102,-0.0614308750088893,0.5325141355592558,1.3371636655286598
shiva1_Stress_L4_005.wav,SEE YOU HOME,-0.8757756260485424,-0.5926163450365565,-0.8814548385120222,-0.2757930317640631,-1.067852013923356
shiva1_Stress_L4_006.wav,SEE THE TOMB,-0.491523856959746,0.23579794500459586,-1.1084175389351754,0.145698202073867,-1.067852013923356
shiva1_Stress_L4_009.wav,WILL SHE,0.6826840229180614,0.019039670106020288,0.8939797089161586,0.40106035445816585,1.3371636655286598
stephy_Stress_L1_003.wav,STURDILY,-0.17001050137822174,0.67545328027292,-0.28171194848058545,-0.7861259253312997,-1.869523907074028
stephy_Stress_L1_008.wav,BEFORE,0.8482177688379807,0.7056302234777722,0.5760245935026163,0.5466156630848485,-0.26618012077268405
stephy_Stress_L1_012.wav,MAGNIFICENTLY,0.09354572158421384,0.6698142779825592,0.21616630828551858,-0.8529920387556962,-1.067852013923356
stephy_Stress_L2_001.wav,THE RIGHT PLACE,-0.42626099775738,-0.3699116347954724,-0.4489810129234383,-0.01017653920399313,-0.26618012077268405
stephy_Stress_L2_003.wav,NOT ME,1.143621647614987,0.7121083039281744,1.0688748265383639,0.5579908046751625,0.535491772377988
stephy_Stress_L2_005.wav,A GOOD BOY,0.37333551054621483,0.6600329203701042,-0.2131920081235339,0.5637966686223335,-0.26618012077268405
stephy_Stress_L2_006.wav,GOOD MORNING,0.4827067591925889,-0.038550925653267336,0.5218428539496807,0.5138109972010907,1.3371636655286598
stephy_Stress_L2_007.wav,GONE PAST,-0.2651967885576387,0.6356080303684397,-1.2534023967182246,0.5122336721946881,0.535491772377988
stephy_Stress_L2_008.wav,GONE BACK,0.4172982588924281,0.5758397694296957,-0.03109195402780605,0.49444209734595196,-0.26618012077268405
stephy_Stress_L2_009.wav,TEN MEN,0.1397075301425736,0.6895625056202769,-0.6396721221612264,0.5720076557225934,-0.26618012077268405
stephy_Stress_L3_001.wav,BLACK AND WHITE,0.7373535986354314,0.5842514197795433,0.6210130947413114,0.32223992876278085,-0.26618012077268405
stephy_Stress_L4_001.wav,IS CALLED,0.20347907264934773,0.5801853054972491,-0.31191095446494377,0.3583125714855037,-1.067852013923356
stephy_Stress_L4_004.wav,I WAS HERE,0.45273518539808616,0.6638365598360072,-0.0614308750088893,0.5346227205158115,-0.26618012077268405
stephy_Stress_L4_005.wav,SHES HOME,0.3905388135523017,0.5396685573515001,0.1880451085883129,0.12559865735480516,-0.26618012077268405
stephy_Stress_L4_006.wav,SHES AT HOME,0.4023028428316862,0.5001212408493535,0.08514860222213129,0.3613093346557109,-1.067852013923356
stephy_Stress_L4_009.wav,V S,-2.1346639745224762,-2.4420612471794647,-0.5321940855101204,-2.0346480769700492,1.3371636655286598
sunitha_Stress_L1_003.wav,STATELY,0.20727296306460866,0.374715703235337,-0.2834540273613797,0.5592240715881727,-1.869523907074028
sunitha_Stress_L1_008.wav,BEFORE,0.7098956377270967,0.6841307582567405,0.5760245935026163,0.20501729255800072,1.3371636655286598
sunitha_Stress_L1_012.wav,MAGNIFICENTLY,0.6638233001461706,0.7274004541186705,0.21616630828551858,0.590861529538595,0.535491772377988
sunitha_Stress_L2_001.wav,RIGHT PLACE,-0.4007124197261836,0.5133265465766471,-1.4231528947794694,0.5561824297600704,0.535491772377988
sunitha_Stress_L2_003.wav,NOT ME,0.9925200116916157,0.3413930043344581,1.0688748265383639,0.5818599575064916,1.3371636655286598
sunitha_Stress_L2_005.wav,GOOD BY,0.37786843925937197,-0.3800590083272779,1.027329674520547,-0.15605458184022467,1.3371636655286598
sunitha_Stress_L2_006.wav,GOOD MORNING,0.010412739804043824,-1.198521119780207,0.5218428539496807,0.5898305084666666,1.3371636655286598
sunitha_Stress_L2_007.wav,GONE PAST,-0.4267312219078332,0.6624672589755312,-1.2534023967182246,0.05389134459381826,1.3371636655286598
sunitha_Stress_L2_008.wav,GONE BACK,0.49928456778693825,0.681768048026926,-0.03109195402780605,0.5903647507017186,0.535491772377988
sunitha_Stress_L2_009.wav,TEN MEN,-0.1485523117547658,0.07747867095425812,-0.6396721221612264,0.5087609682187546,1.3371636655286598
sunitha_Stress_L3_001.wav,BLACK AND WHITE,0.886237517842395,0.6937419451368376,0.6210130947413114,0.5911878602447214,0.535491772377988
sunitha_Stress_L4_001.wav,ITS COLD,1.0316035826541592,0.6361589592574554,0.9381040292927275,0.5508016982423418,1.3371636655286598
sunitha_Stress_L4_004.wav,WAZIR,-1.0732420853938645,-0.4498319143693741,-1.090744354446863,-0.63769763578342,-0.26618012077268405
sunitha_Stress_L4_005.wav,SHE IS THE HOME,-1.2560188546192683,0.275193754792257,-2.2664013760233375,-0.12991180271324915,-0.26618012077268405
sunitha_Stress_L4_006.wav,SHE IS AT HOME,0.552590012009819,0.6524792763595555,0.08488386110087665,0.5853681159457824,-0.26618012077268405
sunitha_Stress_L4_009.wav,WAS SHE,0.057358121541441466,-0.9381722742170666,0.6800369905534641,0.17143917432190323,1.3371636655286598
triesa_Stress_L1_003.wav,STEADILY,0.3702999167558312,0.7562466589452651,-0.2980024435894965,0.5770881684860064,0.535491772377988
triesa_Stress_L1_008.wav,BEFORE,0.09170253920607369,-0.9741994980202018,0.5760245935026163,0.4646292457322516,-0.26618012077268405
triesa_Stress_L1_012.wav,MAGNIFICENTLY,-2.7754358565681634,0.013402303584237607,-2.5303791375164155,-3.4441303680708697,1.3371636655286598
triesa_Stress_L2_001.wav,RIGHT,-0.09136711707550048,-1.7287370739393007,1.07725052232272,0.0665243631710252,0.535491772377988
triesa_Stress_L2_003.wav,NOT ME,1.1529693586809726,0.7125847494666063,1.0688748265383639,0.5821926920035271,0.535491772377988
triesa_Stress_L2_005.wav,GOOD BOY,0.28203418962007304,-0.03539041755988058,0.13721687088090714,0.5745983028860159,-0.26618012077268405
triesa_Stress_L2_006.wav,GOOD MORNING,0.5991141178445083,0.21641979730753982,0.5218428539496807,0.5304390527647782,-0.26618012077268405
triesa_Stress_L2_007.wav,GONE PAST,-0.231837755290204,0.7036062189440966,-1.2534023967182246,0.5227949089037743,-0.26618012077268405
triesa_Stress_L2_008.wav,GONE BACK,0.48206882711134297,0.6660921018238424,-0.03109195402780605,0.5627148808713435,-0.26618012077268405
triesa_Stress_L2_009.wav,TEN MEN,0.15683901563762734,0.7155297628299604,-0.6396721221612264,0.5876684934987823,1.3371636655286598
triesa_Stress_L3_001.wav,BLACK AND WHITE,0.885322546703224,0.6912170702966478,0.6210130947413114,0.5916521939752158,0.535491772377988
triesa_Stress_L4_001.wav,ITS COLD,0.5816026816067252,0.18246522437317703,0.9381040292927275,-0.12172693923379795,-0.26618012077268405
triesa_Stress_L4_004.wav,I WAS HERE,0.4698746951960488,0.6572533837944946,-0.0614308750088893,0.5875222660085306,-0.26618012077268405
triesa_Stress_L4_005.wav,SHE IS HOME,0.11244014642832209,0.42412518025366086,-0.2703822630349767,0.23143489994277533,0.535491772377988
triesa_Stress_L4_006.wav,SHES AT HOME,0.5250104829124169,0.6153810508601953,0.08514860222213129,0.5543643113866351,-0.26618012077268405
triesa_Stress_L4_009.wav,WHEN SHE,0.09291059800898686,0.7216590994515846,-0.7490088335237305,0.5807434403259311,1.3371636655286598
venkatt_Stress_L1_003.wav,THIRDLY,0.37897057726389016,0.4275752905056919,0.1321902188662043,0.3096414230385284,-1.869523907074028
venkatt_Stress_L1_008.wav,BE GOOD,0.4171947453849055,-0.5271773113208501,1.1264608214160343,-0.037246007352121774,-0.26618012077268405
venkatt_Stress_L1_012.wav,MAGNIFICENCE,-1.6518496928054018,-0.31004388661502724,0.5423452019747179,-4.858330623924275,-0.26618012077268405
venkatt_Stress_L2_001.wav,A RIGHT PLACE,-0.23624751095371155,0.6840787387839556,-1.2643205674675846,0.5503576340293795,-0.26618012077268405
venkatt_Stress_L2_003.wav,NOT ME,1.1543870523973774,0.7151676026508289,1.0688748265383639,0.5829925150482751,-0.26618012077268405
venkatt_Stress_L2_005.wav,WOULD I,-0.09968470825557352,-0.9239561651092213,0.7707094528675181,-0.4009742760977978,-1.067852013923356
venkatt_Stress_L2_006.wav,GOOD MORNING,0.835204756810847,0.7245652810913087,0.5218428539496807,0.5744231820214198,-0.26618012077268405
venkatt_Stress_L2_007.wav,GOING FAST,0.3027485263638866,0.20564656449379104,0.09054904675259542,0.42610111210154783,-1.869523907074028
venkatt_Stress_L2_008.wav,GONE BACK,-0.4454290513306753,-0.44960449173679234,-0.03109195402780605,-0.616952403979259,-0.26618012077268405
venkatt_Stress_L2_009.wav,THEN MEN,0.24310990107026817,0.6528404154533328,-0.3919910284975043,0.5041680602810125,-0.26618012077268405
venkatt_Stress_L3_001.wav,BLACK AND WHITE,0.24504777022273322,-0.06237397473893838,0.6210130947413114,-0.24168262297184542,0.535491772377988
venkatt_Stress_L4_001.wav,AND,0.4787034344714096,-0.945364779133838,2.2629073510180886,-1.156184803250109,-0.26618012077268405
venkatt_Stress_L4_004.wav,I WAS HERE,-0.56177703014107,-0.9585214791662492,-0.0614308750088893,-0.29607384364272593,-0.26618012077268405
venkatt_Stress_L4_005.wav,SHE IS ONE,-0.46123572441549304,-0.9931236945367832,0.1332635863655912,-0.2918567036022512,-1.067852013923356
venkatt_Stress_L4_006.wav,SHES AT HOME,-1.935809310773938,-2.79520486670906,0.08514860222213129,-2.0604642486022486,-1.869523907074028
venkatt_Stress_L4_009.wav,WILL SHE,0.2555977224720236,-0.19121694285849486,0.8939797089161586,-0.4891568658007545,-1.869523907074028
venktapa_Stress_L1_003.wav,STEVENS,-1.2049329325809497,-1.4979027767474813,0.5847240141813563,-2.3826215967713766,1.3371636655286598
venktapa_Stress_L1_008.wav,BEFORE,0.8786232568122743,0.7469245306609624,0.5760245935026163,0.5798917490486428,0.535491772377988
venktapa_Stress_L1_012.wav,MAGNIFICENTLY,0.4309608382400252,0.6906729588033819,0.21616630828551858,0.016397919438637897,-1.869523907074028
venktapa_Stress_L2_001.wav,RIGHT PLACE,-0.6764699964765326,0.5009752339676072,-1.4231528947794694,-0.15970812480129867,-0.26618012077268405
venktapa_Stress_L2_003.wav,NOT ME,0.39148166914408045,-0.971369476139852,1.0688748265383639,0.49175805089444674,-1.067852013923356
venktapa_Stress_L2_005.wav,GOOD BY,0.29611804487037985,-1.1541576129024422,1.027329674520547,0.512642080926342,0.535491772377988
venktapa_Stress_L2_006.wav,GOOD MORNING,0.8422946296458806,0.7299777751538828,0.5218428539496807,0.5870031947165042,0.535491772377988
venktapa_Stress_L2_007.wav,GUNPAST,-1.1764350220156405,0.015545099460843712,-1.8162385912164167,-0.3194783773976446,0.535491772377988
venktapa_Stress_L2_008.wav,GONE BACK,0.507473770120471,0.7314265885913144,-0.03109195402780605,0.5552644262080421,-0.26618012077268405
venktapa_Stress_L2_009.wav,THEN MEN,0.15586526647964938,0.6125029312876258,-0.3919910284975043,0.31932742634320666,0.535491772377988
venktapa_Stress_L3_001.wav,BLACK AND WHITE,0.8854728017751903,0.6913013784187513,0.6210130947413114,0.5919547023037701,1.3371636655286598
venktapa_Stress_L4_001.wav,IT SCORED,-0.6166488182917399,-0.9229809625553573,-0.4129076346501006,0.06233247546612217,0.535491772377988
venktapa_Stress_L4_004.wav,I WAS HERE,0.46726840161128375,0.6481333440499242,-0.0614308750088893,0.5910517634679837,-0.26618012077268405
venktapa_Stress_L4_005.wav,SHE IS HOME,0.35905826959580667,0.6950744259642326,-0.2703822630349767,0.5745006952902356,1.3371636655286598
venktapa_Stress_L4_006.wav,SHE IS AT HOME,0.14891782502124648,0.01707569116711234,0.08488386110087665,0.24325418789580147,0.535491772377988
venktapa_Stress_L4_009.wav,RIKI,-2.461982512043341,-3.515037651359726,0.04131405677750628,-2.5624539138852493,1.3371636655286598
vijje_Stress_L1_003.wav,STEADILY,0.24887857243137504,0.7314713131458453,-0.2980024435894965,0.2839781594761397,-0.26618012077268405
vijje_Stress_L1_008.wav,BEFORE,0.8671156040108242,0.7320108018148695,0.5760245935026163,0.5664798114265778,0.535491772377988
vijje_Stress_L1_012.wav,MAGNIFICENTLY,-0.3498198833879672,0.27984722175456883,0.21616630828551858,-1.5808217053947375,-1.067852013923356
vijje_Stress_L2_001.wav,THE RIGHT PLACE,-0.15286015877133347,-0.03264118842320021,-0.4489810129234383,0.32795866667557927,1.3371636655286598
vijje_Stress_L2_003.wav,NOT TO ME,-0.323580412876327,-1.1123986560026755,0.3784138646473718,-0.17070675167842728,1.3371636655286598
vijje_Stress_L2_005.wav,GOOD BYE,0.3305880428755326,0.1182388946167687,0.11640657269150814,0.5596997534977137,1.3371636655286598
vijje_Stress_L2_006.wav,GOOD MORNING,0.826341713640551,0.7081082401522424,0.5218428539496807,0.5697771231947985,-0.26618012077268405
vijje_Stress_L2_007.wav,IVE GONE PAST,-3.8012234213395613,-2.332354129806384,-2.1563698906819964,-4.0567348224016895,0.535491772377988
vijje_Stress_L2_008.wav,GONE BACK,0.515784941858218,0.7265648710169567,-0.03109195402780605,0.5828249544501554,-0.26618012077268405
vijje_Stress_L2_009.wav,THEN MEN,0.18135285980873764,0.5868604605010901,-0.3919910284975043,0.4161207239195664,-0.26618012077268405
vijje_Stress_L3_001.wav,BLACK AND WHITE,0.8795835652628802,0.7086888059166707,0.6210130947413114,0.5564825078640551,-0.26618012077268405
vijje_Stress_L4_001.wav,IT IS GONE,-0.11381630810818685,-0.3394288739869428,0.5722434593018991,-0.7993917658447255,-0.26618012077268405
vijje_Stress_L4_004.wav,I WAS HERE,0.4765023681835373,0.6755373648738511,-0.0614308750088893,0.584162155734464,1.3371636655286598
vijje_Stress_L4_005.wav,SHES HOME,0.5823336956017133,0.6648778636964995,0.1880451085883129,0.49017154503102667,1.3371636655286598
vijje_Stress_L4_006.wav,SHES AT HOME,0.5373482498497779,0.6356661255530853,0.08514860222213129,0.5638317814174083,0.535491772377988
vijje_Stress_L4_009.wav,WHAT IS SHE,0.6168125203400653,0.5050504719777453,0.4109701639834202,0.4189693188116558,1.3371636655286598
vishal1_Stress_L1_003.wav,THE LILY,-0.7065149926426505,-1.3628888361079667,0.4414339110890321,-0.995630772326666,-1.869523907074028
vishal1_Stress_L1_008.wav,THEREFORE,0.8610937658929463,0.6781773327975766,0.9754555036268363,-0.006477550004926105,-1.067852013923356
vishal1_Stress_L2_001.wav,THE RIGHT PLACE,-0.9565209764982137,-1.0006843997843609,-0.4489810129234383,-0.6927017632993754,-0.26618012077268405
vishal1_Stress_L2_003.wav,NOT ME,0.8569494140481457,0.5603464603443422,1.0688748265383639,-0.027390865178350245,0.535491772377988
vishal1_Stress_L2_005.wav,GOOD BYE,0.5262057028306765,0.6715529679000739,0.11640657269150814,0.44489328087467644,0.535491772377988
vishal1_Stress_L2_006.wav,GOOD MORNING,0.8231141384030755,0.7123149898920147,0.5218428539496807,0.556422777526938,-0.26618012077268405
vishal1_Stress_L2_007.wav,GUNPAST,-1.4546492391015053,-0.5161143950680313,-1.8162385912164167,-0.4480890004265267,-0.26618012077268405
vishal1_Stress_L2_008.wav,GONE BACK,0.5158744128356502,0.7224243749846125,-0.03109195402780605,0.5877958906480094,0.535491772377988
vishal1_Stress_L2_009.wav,TEN MEN,0.1574713307068375,0.7273406723651809,-0.6396721221612264,0.5758380085969327,1.3371636655286598
vishal1_Stress_L3_001.wav,BLACK AND WHITE,-0.18867703601972013,-0.41382273482086074,0.6210130947413114,-0.9880332447152591,-0.26618012077268405
vishal1_Stress_L4_001.wav,THE SCHOOL,-1.0837138006897935,-2.6978829355626486,0.6441436499597368,-0.7816628737453681,-0.26618012077268405
vishal1_Stress_L4_004.wav,ALMOSIA,-2.3436585486416655,-2.5051436362171633,-1.754137594263051,-0.6234560354642598,-0.26618012077268405
vishal1_Stress_L4_005.wav,SAYS TOM,-0.19956962600321454,0.393695414283031,-0.7423855044875769,0.17119983475652414,-1.067852013923356
vishal1_Stress_L4_006.wav,SAYS I TOM,-2.0145513940024373,-1.6159117142944714,-1.630563846125926,-0.9603386816862755,-1.869523907074028
vishal1_Stress_L4_029.wav,T A S,-2.4052454746815295,-2.7542447338382456,-0.557824592508269,-2.3543134896144013,-0.26618012077268405
vishal1_Stress_L4_033.wav,TAKE IT TO JOHNSON,-1.224957580489755,0.6561232404281364,-2.9489067300490617,0.5737039049404608,-0.26618012077268405
